<?xml version="1.0" encoding="utf-8"?>
<doc>
<assembly><name>FSharp.Build</name></assembly>
<members>
<member name="M:FSBuild.SR.toolpathUnknown">
<summary>
 ToolPath is unknown; specify the path to fsc.exe as the ToolPath property.
 (Originally from FSBuild.txt:2)
</summary>
</member>
<member name="P:FSBuild.SR.SwallowResourceText(System.Boolean)">
<summary>
 If set to true, then all error messages will just return the filled &apos;holes&apos; delimited by &apos;,,,&apos;s - this is for language-neutral testing (e.g. localization-invariant baselines).
</summary>
</member>
<member name="P:FSBuild.SR.SwallowResourceText">
<summary>
 If set to true, then all error messages will just return the filled &apos;holes&apos; delimited by &apos;,,,&apos;s - this is for language-neutral testing (e.g. localization-invariant baselines).
</summary>
</member>
<member name="M:FSBuild.SR.RunStartupValidation">
<summary>
 Call this method once to validate that all known resources are valid; throws if not
</summary>
</member>
<member name="P:Internal.Utilities.FSharpEnvironment.FSharpBannerVersion">
<summary>
 The F# version reported in the banner
</summary>
</member>
<member name="M:Internal.Utilities.FSharpEnvironment.Option.ofString(System.String)">
<summary>
 Convert string into Option string where null and String.Empty result in None
</summary>
</member>
<member name="M:Microsoft.FSharp.Build.FSharpCommandLineBuilder.ToString">
<summary>
 Return a full command line (with quoting for the cmd.exe shell)
</summary>
</member>
<member name="M:Microsoft.FSharp.Build.FSharpCommandLineBuilder.CapturedFilenames">
<summary>
 Return a list of the sources (with no quoting for the cmd.exe shell)
</summary>
</member>
<member name="M:Microsoft.FSharp.Build.FSharpCommandLineBuilder.CapturedArguments">
<summary>
 Return a list of the arguments (with no quoting for the cmd.exe shell)
</summary>
</member>
<member name="M:Microsoft.FSharp.Build.Fsc.ExecuteTool(System.String,System.String,System.String)">
<summary>
 Intercept the call to ExecuteTool to handle the host compile case.
</summary>
</member>
</members>
</doc>
